gene_a,gene_b,score
CD74,AK2,0.47
CD74,RSL1D1,0.771
CD74,MPHOSPH10,0.829
CD74,MRPL33,0.967
PDRG1,CCT2,0.55
PDRG1,CCT6A,0.55
STAG2,CCT2,0.403
STAG2,ZMYM2,0.416
STAG2,ARID1A,0.556
MPHOSPH10,DTWD1,0.489
MPHOSPH10,RSL1D1,0.989
SIRT2,NMNAT3,0.434
CFAP20,PACRG,0.915
HDC,FSHB,0.446
CCT6A,CCT2,0.999
RANBP2,SYT11,0.408
RANBP2,BCLAF1,0.409
RANBP2,DIP2A,0.578
MRPL33,PACRG,0.429
MRPL33,MRPS23,0.899
SAP30,GATAD2A,0.671
SAP30,SAP30L,0.976
SAP30L,GATAD2A,0.514
NEUROD6,BDNF,0.442
NEUROD6,SATB2,0.722
CCT2,BCLAF1,0.472
PPARGC1B,BCLAF1,0.54
ARID1A,NCOA7,0.414
ARID1A,GATAD2A,0.474
PACRG,SYT11,0.45
HMGB1,BDNF,0.423
HMGB1,BCL2,0.602
GABRA3,UBE3A,0.434
RORB,SATB2,0.551
ZNF41,CD99,0.426
CD99,BCL2,0.724
CD99,NCAM1,0.729
LRRFIP1,ZMYM2,0.566
BCL2,BMPR1B,0.498
BCL2,NCAM1,0.607
BCL2,BDNF,0.793
BCL2,BCLAF1,0.945
SATB2,ZMYM2,0.486
BDNF,NCAM1,0.767
