gene,degree,degree_centrality,betweenness,closeness,eigenvector,component
BCL2,6,0.043478260869565216,0.017137416693113295,0.06544384057971014,,1
BCLAF1,4,0.028985507246376812,0.03702528297894848,0.07413107605489291,,1
CCT2,4,0.028985507246376812,0.02623505765365492,0.0686623901164172,,1
CD74,4,0.028985507246376812,0.013011742304030465,0.041469364327737124,,1
BDNF,4,0.028985507246376812,0.0039141013434888395,0.0562202120416302,,1
RANBP2,3,0.021739130434782608,0.027821855495609858,0.0675549322113137,,1
STAG2,3,0.021739130434782608,0.023696181106527027,0.0620504562533548,,1
PACRG,3,0.021739130434782608,0.022744102401354067,0.05369751021924935,,1
MRPL33,3,0.021739130434782608,0.01830106844388025,0.04732661917628757,,1
ARID1A,3,0.021739130434782608,0.013011742304030465,0.05235507246376812,,1
ZMYM2,3,0.021739130434782608,0.009943933142917591,0.05369751021924935,,1
GATAD2A,3,0.021739130434782608,0.006770337459007722,0.044321754466682003,,1
SATB2,3,0.021739130434782608,0.005924045276631757,0.04898720230528011,,1
CD99,3,0.021739130434782608,0.003490955252300857,0.05301779490001835,,1
MPHOSPH10,3,0.021739130434782608,0.003490955252300857,0.03610694652673663,,1
NCAM1,3,0.021739130434782608,0.0008462921823759652,0.05475040257648953,,1
SYT11,2,0.014492753623188406,0.023801967629324024,0.0602648316129705,,1
NEUROD6,2,0.014492753623188406,0.002750449592721887,0.05170871354446234,,1
CCT6A,2,0.014492753623188406,0.0,0.054394880481837,,1
HMGB1,2,0.014492753623188406,0.0,0.054043945769050965,,1
PDRG1,2,0.014492753623188406,0.0,0.054394880481837,,1
RSL1D1,2,0.014492753623188406,0.0,0.03595198109099957,,1
SAP30,2,0.014492753623188406,0.0,0.03790412486064661,,1
SAP30L,2,0.014492753623188406,0.0,0.03790412486064661,,1
AK2,1,0.007246376811594203,0.0,0.03564600678384212,,1
BMPR1B,1,0.007246376811594203,0.0,0.052029885678278875,,1
CFAP20,1,0.007246376811594203,0.0,0.044321754466682003,,1
DIP2A,1,0.007246376811594203,0.0,0.053355487861164966,,1
DTWD1,1,0.007246376811594203,0.0,0.0316106097894449,,1
FSHB,1,0.007246376811594203,0.0,0.007246376811594203,,34
GABRA3,1,0.007246376811594203,0.0,0.007246376811594203,,35
HDC,1,0.007246376811594203,0.0,0.007246376811594203,,34
LRRFIP1,1,0.007246376811594203,0.0,0.044321754466682003,,1
MRPS23,1,0.007246376811594203,0.0,0.039889579020013805,,1
NCOA7,1,0.007246376811594203,0.0,0.043403168881880304,,1
NMNAT3,1,0.007246376811594203,0.0,0.007246376811594203,,66
PPARGC1B,1,0.007246376811594203,0.0,0.057375421878102045,,1
RORB,1,0.007246376811594203,0.0,0.04106280193236715,,1
SIRT2,1,0.007246376811594203,0.0,0.007246376811594203,,66
UBE3A,1,0.007246376811594203,0.0,0.007246376811594203,,35
ZNF41,1,0.007246376811594203,0.0,0.04385765232566963,,1
ACACB,0,0.0,0.0,0.0,,0
AKT1S1,0,0.0,0.0,0.0,,2
ANG,0,0.0,0.0,0.0,,3
ANKRD13C-DT,0,0.0,0.0,0.0,,4
ARF5,0,0.0,0.0,0.0,,5
ARL6IP4,0,0.0,0.0,0.0,,6
ATP6V0E1,0,0.0,0.0,0.0,,7
B3GALT4,0,0.0,0.0,0.0,,8
BTNL3,0,0.0,0.0,0.0,,9
C11orf17,0,0.0,0.0,0.0,,10
C12orf43,0,0.0,0.0,0.0,,11
C17orf91,0,0.0,0.0,0.0,,12
C2CD2L,0,0.0,0.0,0.0,,13
C7orf55,0,0.0,0.0,0.0,,14
C9orf140,0,0.0,0.0,0.0,,15
C9orf85,0,0.0,0.0,0.0,,16
CAMK2B,0,0.0,0.0,0.0,,17
CCDC120,0,0.0,0.0,0.0,,18
CCP110,0,0.0,0.0,0.0,,19
CD300LD,0,0.0,0.0,0.0,,20
CDGAP,0,0.0,0.0,0.0,,21
CEACAM21,0,0.0,0.0,0.0,,22
CECR6,0,0.0,0.0,0.0,,23
CFAP74,0,0.0,0.0,0.0,,24
COCH,0,0.0,0.0,0.0,,25
DSEL,0,0.0,0.0,0.0,,26
E2F6,0,0.0,0.0,0.0,,27
EDAR,0,0.0,0.0,0.0,,28
ENTPD4,0,0.0,0.0,0.0,,29
FAM124B,0,0.0,0.0,0.0,,30
FAM153A,0,0.0,0.0,0.0,,31
FAM230B,0,0.0,0.0,0.0,,32
FAM76A,0,0.0,0.0,0.0,,33
GATD3,0,0.0,0.0,0.0,,36
GCS1,0,0.0,0.0,0.0,,37
GPR19,0,0.0,0.0,0.0,,38
GPR34,0,0.0,0.0,0.0,,39
GRHL2,0,0.0,0.0,0.0,,40
GSTA1,0,0.0,0.0,0.0,,41
GYG2,0,0.0,0.0,0.0,,42
GZF1,0,0.0,0.0,0.0,,43
H2AC15,0,0.0,0.0,0.0,,44
HELZ,0,0.0,0.0,0.0,,45
HILPDA,0,0.0,0.0,0.0,,46
HTN1,0,0.0,0.0,0.0,,47
HUS1B,0,0.0,0.0,0.0,,48
IGHG1,0,0.0,0.0,0.0,,49
IGHV3-23,0,0.0,0.0,0.0,,50
IL23A,0,0.0,0.0,0.0,,51
KBTBD3,0,0.0,0.0,0.0,,52
KCNAB1,0,0.0,0.0,0.0,,53
KRABD2,0,0.0,0.0,0.0,,54
LHX4-AS1,0,0.0,0.0,0.0,,55
LOC388588,0,0.0,0.0,0.0,,56
LOC643453,0,0.0,0.0,0.0,,57
LOC653513,0,0.0,0.0,0.0,,58
MATN4,0,0.0,0.0,0.0,,59
MKRN7P,0,0.0,0.0,0.0,,60
MS4A4A,0,0.0,0.0,0.0,,61
MTNAP1,0,0.0,0.0,0.0,,62
NARFL,0,0.0,0.0,0.0,,63
NDUFV3,0,0.0,0.0,0.0,,64
NINL,0,0.0,0.0,0.0,,65
NOSIP,0,0.0,0.0,0.0,,67
NXPE4,0,0.0,0.0,0.0,,68
OR12D3,0,0.0,0.0,0.0,,69
OR8D4,0,0.0,0.0,0.0,,70
PABPC3,0,0.0,0.0,0.0,,71
PAX2,0,0.0,0.0,0.0,,72
PCED1B,0,0.0,0.0,0.0,,73
PDLIM5,0,0.0,0.0,0.0,,74
PEX13,0,0.0,0.0,0.0,,75
PRKAR2A,0,0.0,0.0,0.0,,76
PSPH,0,0.0,0.0,0.0,,77
PXYLP1,0,0.0,0.0,0.0,,78
RAP1GAP,0,0.0,0.0,0.0,,79
RASSF9,0,0.0,0.0,0.0,,80
RIPK5,0,0.0,0.0,0.0,,81
ROGDI,0,0.0,0.0,0.0,,82
S1PR5,0,0.0,0.0,0.0,,83
SEC23IP,0,0.0,0.0,0.0,,84
SNAPC3,0,0.0,0.0,0.0,,85
SNORD116-2,0,0.0,0.0,0.0,,86
SPRR2C,0,0.0,0.0,0.0,,87
SRA1,0,0.0,0.0,0.0,,88
SSR4,0,0.0,0.0,0.0,,89
SULT1C2,0,0.0,0.0,0.0,,90
TEP1,0,0.0,0.0,0.0,,91
TMEM41A,0,0.0,0.0,0.0,,92
TUSC2,0,0.0,0.0,0.0,,93
UAP1L1,0,0.0,0.0,0.0,,94
VILL,0,0.0,0.0,0.0,,95
VPS53,0,0.0,0.0,0.0,,96
YJU2B,0,0.0,0.0,0.0,,97
YY2,0,0.0,0.0,0.0,,98
ZFP64,0,0.0,0.0,0.0,,99
ZNF211,0,0.0,0.0,0.0,,100
ZNF605,0,0.0,0.0,0.0,,101
