dataset,probe_id,gene_symbol,gene_name,entrezgene,ensembl_gene,n_gene_hits,source,Coefficient,Importance
GSE99039,1554241_at,COCH,cochlin,1690,ENSG00000100473,1,mygene,,
GSE99039,1555237_at,,,,,0,,,
GSE99039,1555282_a_at,PPARGC1B,PPARG coactivator 1 beta,133522,ENSG00000155846,1,mygene,,
GSE99039,1555821_a_at,AKT1S1,AKT1 substrate 1,84335,ENSG00000204673,1,mygene,,
GSE99039,1556009_at,PEX13,peroxisomal biogenesis factor 13,5194,ENSG00000162928,1,mygene,,
GSE99039,1558919_a_at,SEC23IP,SEC23 interacting protein,11196,ENSG00000107651,1,mygene,,
GSE99039,1563845_at,FAM153A,family with sequence similarity 153 member A,285596,ENSG00000170074,2,mygene,,
GSE99039,1567628_at,CD74,CD74 molecule,972,ENSG00000019582,1,mygene,,
GSE99039,1569353_at,CCP110,centriolar coiled-coil protein 110,9738,ENSG00000103540,1,mygene,,
GSE99039,203781_at,MRPL33,mitochondrial ribosomal protein L33,9553,ENSG00000243147,1,mygene,,
GSE99039,204758_s_at,C2CD2L,C2CD2 like,9854,ENSG00000172375,1,mygene,,
GSE99039,207591_s_at,ARID1A,AT-rich interaction domain 1A,8289,ENSG00000117713,1,mygene,,
GSE99039,209197_at,SYT11,synaptotagmin 11,23208,ENSG00000132718,1,mygene,,
GSE99039,210404_x_at,CAMK2B,calcium/calmodulin dependent protein kinase II beta,816,ENSG00000058404,1,mygene,,
GSE99039,211430_s_at,IGHG1,immunoglobulin heavy constant gamma 1 (G1m marker),3500,ENSG00000211896,6,mygene,,
GSE99039,211650_x_at,IGHV3-23,immunoglobulin heavy variable 3-23,28442,ENSG00000211949,8,mygene,,
GSE99039,214149_s_at,ATP6V0E1,ATPase H+ transporting V0 subunit e1,8992,ENSG00000113732,1,mygene,,
GSE99039,214980_at,UBE3A,ubiquitin protein ligase E3A,7337,ENSG00000114062,1,mygene,,
GSE99039,215421_at,,,,,0,,,
GSE99039,216857_at,IL23A,interleukin 23 subunit alpha,51561,ENSG00000110944,1,mygene,,
GSE99039,222286_at,SNAPC3,small nuclear RNA activating complex polypeptide 3,6619,ENSG00000164975,1,mygene,,
GSE99039,224357_s_at,MS4A4A,membrane spanning 4-domains A4A,51338,ENSG00000110079,1,mygene,,
GSE99039,226925_at,PXYLP1,2-phosphoxylose phosphatase 1,92370,ENSG00000155893,1,mygene,,
GSE99039,228209_at,LHX4-AS1,LHX4 antisense RNA 1,100527964,,1,mygene,,
GSE99039,229653_at,VPS53,VPS53 subunit of GARP complex,55275,ENSG00000283883|ENSG00000141252,1,mygene,,
GSE99039,232235_at,DSEL,dermatan sulfate epimerase like,92126,ENSG00000262102|ENSG00000171451,1,mygene,,
GSE99039,234055_s_at,GZF1,GDNF inducible zinc finger protein 1,64412,ENSG00000125812,1,mygene,,
GSE99039,235965_at,,,,,0,,,
GSE99039,239403_at,CCDC120,coiled-coil domain containing 120,90060,ENSG00000147144|ENSG00000292279,1,mygene,,
GSE99039,241319_at,,,,,0,,,
GSE99039,243807_at,NCOA7,nuclear receptor coactivator 7,135112,ENSG00000111912,1,mygene,,
GSE99039,244594_x_at,,,,,0,,,
GSE6613,209950_s_at,VILL,villin like,50853,ENSG00000136059,1,mygene,-0.0774131068544269,0.0774131068544269
GSE6613,206639_x_at,HTN1,histatin 1,3346,ENSG00000126550|ENSG00000283046,1,mygene,-0.0773095546374152,0.0773095546374152
GSE6613,207983_s_at,STAG2,STAG2 cohesin complex component,10735,ENSG00000101972,1,mygene,-0.0750691625470236,0.0750691625470236
GSE6613,207123_s_at,MATN4,matrilin 4,8785,ENSG00000124159,1,mygene,-0.0743297049741487,0.0743297049741487
GSE6613,219291_at,DTWD1,DTW motif tRNA-uridine aminocarboxypropyltransferase 1,56986,ENSG00000104047,1,mygene,-0.0736755247936071,0.0736755247936071
GSE6613,205048_s_at,PSPH,phosphoserine phosphatase,5723,ENSG00000146733,1,mygene,-0.0728832745732093,0.0728832745732093
GSE6613,201711_x_at,RANBP2,RAN binding protein 2,5903,ENSG00000153201,1,mygene,-0.0712814561128252,0.0712814561128252
GSE6613,220645_at,NXPE4,neurexophilin and PC-esterase domain family member 4,54827,ENSG00000137634,1,mygene,-0.0707815506946473,0.0707815506946473
GSE6613,205437_at,ZNF211,zinc finger protein 211,10520,ENSG00000121417,1,mygene,0.0689316793882174,0.0689316793882174
GSE6613,215375_x_at,LRRFIP1,LRR binding FLII interacting protein 1,9208,ENSG00000124831,1,mygene,0.0682564860946224,0.0682564860946224
GSE6613,217653_x_at,,,,,0,,0.0682366650311546,0.0682366650311546
GSE6613,200679_x_at,HMGB1,high mobility group box 1,3146,ENSG00000189403,1,mygene,-0.0669049007868966,0.0669049007868966
GSE6613,208213_s_at,KCNAB1,potassium voltage-gated channel subfamily A regulatory beta subunit 1,7881,ENSG00000169282,1,mygene,-0.0665671163595858,0.0665671163595858
GSE6613,217115_at,MKRN7P,"makorin ring finger protein 7, pseudogene",7686,ENSG00000225849,1,mygene,0.0656606077751316,0.0656606077751316
GSE6613,201326_at,CCT6A,chaperonin containing TCP1 subunit 6A,908,ENSG00000146731,1,mygene,-0.0651562449223263,0.0651562449223263
GSE6613,203957_at,E2F6,E2F transcription factor 6,1876,ENSG00000169016,1,mygene,-0.0641423978718826,0.0641423978718826
GSE6613,213750_at,RSL1D1,ribosomal L1 domain containing 1,26156,ENSG00000171490,1,mygene,0.0624874697060752,0.0624874697060752
GSE6613,212885_at,MPHOSPH10,M-phase phosphoprotein 10,10199,ENSG00000124383,1,mygene,-0.0616558048784122,0.0616558048784122
GSE6613,218968_s_at,ZFP64,ZFP64 zinc finger protein,55734,ENSG00000020256,1,mygene,0.0611839170575224,0.0611839170575224
GSE6613,210964_s_at,GYG2,glycogenin 2,8908,ENSG00000056998,1,mygene,-0.0605467146055241,0.0605467146055241
GSE6613,201101_s_at,BCLAF1,BCL2 associated transcription factor 1,9774,ENSG00000029363,1,mygene,-0.0558896420486886,0.0558896420486886
GSE6613,201029_s_at,CD99,CD99 molecule (Xg blood group),4267,ENSG00000002586|ENSG00000292348,1,mygene,0.0555067435157578,0.0555067435157578
GSE6613,211751_at,LOC653513,phosphodiesterase 4D interacting protein-like,653513,ENSG00000291233,3,mygene,-0.0552133467090831,0.0552133467090831
GSE6613,207183_at,GPR19,G protein-coupled receptor 19,2842,ENSG00000183150,1,mygene,-0.0546361771230968,0.0546361771230968
GSE6613,203674_at,HELZ,helicase with zinc finger,9931,ENSG00000198265,1,mygene,0.0540994003932845,0.0540994003932845
GSE6613,208113_x_at,PABPC3,poly(A) binding protein cytoplasmic 3,5042,ENSG00000151846,1,mygene,0.0540220586381236,0.0540220586381236
GSE6613,202778_s_at,ZMYM2,zinc finger MYM-type containing 2,7750,ENSG00000121741,1,mygene,-0.0539418922581665,0.0539418922581665
GSE6613,215472_at,PACRG,parkin coregulated,135138,ENSG00000112530,1,mygene,-0.05297473184494,0.05297473184494
GSE6613,218131_s_at,GATAD2A,GATA zinc finger domain containing 2A,54815,ENSG00000167491,1,mygene,0.0527818399475669,0.0527818399475669
GSE6613,203243_s_at,PDLIM5,PDZ and LIM domain 5,10611,ENSG00000163110,1,mygene,0.05189549297925,0.05189549297925
GSE6613,216547_at,,,,,0,,0.0515767067318344,0.0515767067318344
GSE6613,201947_s_at,CCT2,chaperonin containing TCP1 subunit 2,10576,ENSG00000166226,1,mygene,-0.0512893552098735,0.0512893552098735
GSE72267,220906_at,,,,,0,,-0.1088587566538596,0.1088587566538596
GSE72267,217957_at,CFAP20,cilia and flagella associated protein 20,29105,ENSG00000070761,1,mygene,0.091531853502347,0.091531853502347
GSE72267,206382_s_at,BDNF,brain derived neurotrophic factor,627,ENSG00000176697,1,mygene,-0.0915259559868313,0.0915259559868313
GSE72267,220637_at,FAM124B,family with sequence similarity 124 member B,79843,ENSG00000124019,1,mygene,0.0832940736222472,0.0832940736222472
GSE72267,210335_at,RASSF9,Ras association domain family member 9,9182,ENSG00000198774,1,mygene,0.0751132692646564,0.0751132692646564
GSE72267,206443_at,RORB,RAR related orphan receptor B,6096,ENSG00000198963,1,mygene,-0.0750695161470897,0.0750695161470897
GSE72267,205342_s_at,SULT1C2,sulfotransferase family 1C member 2,6819,ENSG00000198203,1,mygene,0.0743898538833614,0.0743898538833614
GSE72267,208098_at,OR12D3,olfactory receptor family 12 subfamily D member 3,81797,ENSG00000224487|ENSG00000251394|ENSG00000112462|ENSG00000242022|ENSG00000250364|ENSG00000204692|ENSG00000229181,2,mygene,-0.0738878912252411,0.0738878912252411
GSE72267,220664_at,SPRR2C,small proline rich protein 2C (pseudogene),6702,ENSG00000301592,1,mygene,0.0738843406767271,0.0738843406767271
GSE72267,215869_at,,,,,0,,-0.0705721890092865,0.0705721890092865
GSE72267,214489_at,FSHB,follicle stimulating hormone subunit beta,2488,ENSG00000131808,1,mygene,0.0692149293126585,0.0692149293126585
GSE72267,221417_x_at,S1PR5,sphingosine-1-phosphate receptor 5,53637,ENSG00000180739,1,mygene,-0.068936969179881,0.068936969179881
GSE72267,219388_at,GRHL2,grainyhead like transcription factor 2,79977,ENSG00000083307,1,mygene,-0.0676687049856215,0.0676687049856215
GSE72267,216807_at,CFAP74,cilia and flagella associated protein 74,85452,ENSG00000142609,1,mygene,-0.0676053998502569,0.0676053998502569
GSE72267,209968_s_at,NCAM1,neural cell adhesion molecule 1,4684,ENSG00000149294,1,mygene,-0.0670596778911602,0.0670596778911602
GSE72267,213435_at,SATB2,SATB homeobox 2,23314,ENSG00000119042,1,mygene,-0.0665050594823386,0.0665050594823386
GSE72267,210523_at,BMPR1B,bone morphogenetic protein receptor type 1B,658,ENSG00000138696,1,mygene,-0.0646039380625322,0.0646039380625322
GSE72267,207705_s_at,NINL,ninein like,22981,ENSG00000101004,1,mygene,-0.0638285661042246,0.0638285661042246
GSE72267,207210_at,GABRA3,gamma-aminobutyric acid type A receptor subunit alpha3,2556,ENSG00000011677,1,mygene,0.0622606468544752,0.0622606468544752
GSE72267,216605_s_at,CEACAM21,CEA cell adhesion molecule 21,90273,ENSG00000007129|ENSG00000278565,1,mygene,0.061567465486111,0.061567465486111
GSE72267,222296_at,,,,,0,,-0.0611409601534544,0.0611409601534544
GSE72267,215766_at,GSTA1,glutathione S-transferase alpha 1,2938,ENSG00000243955,1,mygene,0.0587735942241567,0.0587735942241567
GSE72267,214907_at,CEACAM21,CEA cell adhesion molecule 21,90273,ENSG00000007129|ENSG00000278565,1,mygene,0.0585638174486416,0.0585638174486416
GSE72267,216343_at,,,,,0,,-0.0582061323806811,0.0582061323806811
GSE72267,213963_s_at,SAP30,Sin3A associated protein 30,8819,ENSG00000164105,1,mygene,-0.0574781191988282,0.0574781191988282
GSE72267,216065_at,B3GALT4,"beta-1,3-galactosyltransferase 4",8705,ENSG00000236802|ENSG00000235155|ENSG00000235863|ENSG00000226936|ENSG00000206285,1,mygene,-0.0574548253628929,0.0574548253628929
GSE72267,217207_s_at,BTNL3,butyrophilin like 3,10917,ENSG00000168903,1,mygene,-0.0573208436155196,0.0573208436155196
GSE72267,206228_at,PAX2,paired box 2,5076,ENSG00000075891,1,mygene,-0.0567871860952322,0.0567871860952322
GSE72267,213972_at,,,,,0,,-0.0565666745434871,0.0565666745434871
GSE72267,216897_s_at,FAM76A,family with sequence similarity 76 member A,199870,ENSG00000009780,1,mygene,-0.0554946357165408,0.0554946357165408
GSE72267,205727_at,TEP1,telomerase associated protein 1,7011,ENSG00000129566|ENSG00000291791,1,mygene,-0.0550237084623958,0.0550237084623958
GSE72267,49452_at,ACACB,acetyl-CoA carboxylase beta,32,ENSG00000076555,1,mygene,0.053957276604333,0.053957276604333
GSE18838,2569649,EDAR,ectodysplasin A receptor,10913,ENSG00000135960,1,mygene,-0.1594486576824614,0.1594486576824614
GSE18838,3474815,C12orf43,chromosome 12 open reading frame 43,64897,ENSG00000157895,1,mygene,-0.1288384017494637,0.1288384017494637
GSE18838,3811339,BCL2,BCL2 apoptosis regulator,596,ENSG00000171791,1,mygene,-0.1288060442800683,0.1288060442800683
GSE18838,2845417,,,,,0,,0.1160329130346877,0.1160329130346877
GSE18838,3744410,KRABD2,KRAB domain containing 2,124751,ENSG00000184619,1,mygene,-0.1131982363348106,0.1131982363348106
GSE18838,3022409,ARF5,ARF GTPase 5,381,ENSG00000004059,1,mygene,-0.1118585221032155,0.1118585221032155
GSE18838,2400655,RAP1GAP,RAP1 GTPase activating protein,5909,ENSG00000076864,1,mygene,-0.1107715634529147,0.1107715634529147
GSE18838,3770328,CD300LD,CD300 molecule like family member d,100131439,ENSG00000204345|ENSG00000291922,1,mygene,-0.1004305544586178,0.1004305544586178
GSE18838,3413067,PCED1B,PC-esterase domain containing 1B,91523,ENSG00000179715,1,mygene,-0.0918440445946812,0.0918440445946812
GSE18838,3937967,FAM230B,family with sequence similarity 230 member B,642633,ENSG00000215498,6,mygene,0.0867902245652159,0.0867902245652159
GSE18838,3389566,KBTBD3,kelch repeat and BTB domain containing 3,143879,ENSG00000182359,1,mygene,-0.0850133370279479,0.0850133370279479
GSE18838,3044518,NEUROD6,neuronal differentiation 6,63974,ENSG00000164600,1,mygene,0.0849635643045007,0.0849635643045007
GSE18838,3464405,RASSF9,Ras association domain family member 9,9182,ENSG00000198774,1,mygene,-0.0808041127841262,0.0808041127841262
GSE18838,2341645,ANKRD13C-DT,ANKRD13C divergent transcript,11147,ENSG00000197568,1,mygene,-0.0787977089658404,0.0787977089658404
GSE18838,3867928,NOSIP,nitric oxide synthase interacting protein,51070,ENSG00000142546,1,mygene,-0.0770942032327196,0.0770942032327196
GSE18838,3174429,C9orf85,chromosome 9 open reading frame 85,138241,ENSG00000155621,1,mygene,-0.0748017865817403,0.0748017865817403
GSE18838,3584443,SNORD116-2,"small nucleolar RNA, C/D box 116-2",100033414,ENSG00000207001,10,mygene,-0.0680827333301794,0.0680827333301794
GSE18838,2947063,H2AC15,H2A clustered histone 15,8330,ENSG00000275221,1,mygene,0.065245900301587,0.065245900301587
GSE18838,3022814,HILPDA,hypoxia inducible lipid droplet associated,29923,ENSG00000135245,1,mygene,0.0627257908623443,0.0627257908623443
GSE18838,3995975,SSR4,signal sequence receptor subunit 4,6748,ENSG00000180879,1,mygene,-0.0609554335947412,0.0609554335947412
GSE18838,2675192,TUSC2,"tumor suppressor 2, mitochondrial calcium regulator",11334,ENSG00000114383,1,mygene,-0.0607584374783586,0.0607584374783586
GSE18838,2372169,,,,,0,,0.0606126419568351,0.0606126419568351
GSE18838,3971329,YY2,YY2 transcription factor,404281,ENSG00000230797,2,mygene,-0.0584861207078904,0.0584861207078904
GSE18838,3353853,OR8D4,olfactory receptor family 8 subfamily D member 4,338662,ENSG00000181518,1,mygene,-0.0581432715529995,0.0581432715529995
GSE18838,3477610,,,,,0,,0.0572928753340067,0.0572928753340067
GSE18838,2836665,SAP30L,SAP30 like,79685,ENSG00000164576,1,mygene,0.057244100637997,0.057244100637997
GSE18838,4007086,ZNF41,zinc finger protein 41,7592,ENSG00000147124,1,mygene,-0.056572395648294,0.056572395648294
GSE18838,3733999,MTNAP1,mitochondrial nucleoid associated protein 1,55028,ENSG00000141219,1,mygene,-0.0549815074664834,0.0549815074664834
GSE18838,3883542,,,,,0,,-0.0541528468064346,0.0541528468064346
GSE18838,3822287,YJU2B,YJU2 splicing factor homolog B,81576,ENSG00000104957,1,mygene,-0.05196024526391,0.05196024526391
GSE18838,3479519,ZNF605,zinc finger protein 605,100289635,ENSG00000196458,3,mygene,-0.0501121974983974,0.0501121974983974
GSE18838,3923537,GATD3,glutamine amidotransferase class 1 domain containing 3,8209,ENSG00000160221,2,mygene,-0.0487678861366489,0.0487678861366489
GSE57475,ILMN_2359029,C11orf17,"Homo sapiens chromosome 11 open reading frame 17 (C11orf17), transcript variant 2, mRNA.",56672,,1,geo_platform,0.0618480855074892,0.0618480855074892
GSE57475,ILMN_1702197,C9orf140,"Homo sapiens chromosome 9 open reading frame 140 (C9orf140), mRNA.",89958,,1,geo_platform,0.0561980551455704,0.0561980551455704
GSE57475,ILMN_1653712,UAP1L1,"Homo sapiens UDP-N-acteylglucosamine pyrophosphorylase 1-like 1 (UAP1L1), mRNA.",91373,,1,geo_platform,0.0544875031717109,0.0544875031717109
GSE57475,ILMN_1834190,,,,,0,,0.0526842359921222,0.0526842359921222
GSE57475,ILMN_1813833,NARFL,"Homo sapiens nuclear prelamin A recognition factor-like (NARFL), mRNA.",64428,,1,geo_platform,-0.0521793230589401,0.0521793230589401
GSE57475,ILMN_1722738,ROGDI,"Homo sapiens rogdi homolog (Drosophila) (ROGDI), mRNA.",79641,,1,geo_platform,-0.0521387063388845,0.0521387063388845
GSE57475,ILMN_2390310,C17orf91,"Homo sapiens chromosome 17 open reading frame 91 (C17orf91), transcript variant 2, mRNA.",84981,,1,geo_platform,0.0498161898047753,0.0498161898047753
GSE57475,ILMN_1731720,PDRG1,"Homo sapiens p53 and DNA damage regulated 1 (PDRG1), mRNA.",81572,,1,geo_platform,-0.0484208165022662,0.0484208165022662
GSE57475,ILMN_1672165,LOC643453,"PREDICTED: Homo sapiens hypothetical protein LOC643453 (LOC643453), mRNA.",643453,,1,geo_platform,0.0480885744291517,0.0480885744291517
GSE57475,ILMN_1696974,ANG,"Homo sapiens angiogenin, ribonuclease, RNase A family, 5 (ANG), transcript variant 2, mRNA.",283,,1,geo_platform,0.0478449857430371,0.0478449857430371
GSE57475,ILMN_2285618,DIP2A,"Homo sapiens DIP2 disco-interacting protein 2 homolog A (Drosophila) (DIP2A), transcript variant 1, mRNA.",23181,,1,geo_platform,0.0455384827375522,0.0455384827375522
GSE57475,ILMN_2062754,SRA1,"Homo sapiens steroid receptor RNA activator 1 (SRA1), mRNA.",10011,,1,geo_platform,0.0434326397655941,0.0434326397655941
GSE57475,ILMN_1685602,TMEM41A,"Homo sapiens transmembrane protein 41A (TMEM41A), mRNA.",90407,,1,geo_platform,-0.0428976212657107,0.0428976212657107
GSE57475,ILMN_1901532,,,,,0,,0.042804701885611,0.042804701885611
GSE57475,ILMN_2352023,RIPK5,"Homo sapiens receptor interacting protein kinase 5 (RIPK5), transcript variant 2, mRNA.",25778,,1,geo_platform,0.0424385546058163,0.0424385546058163
GSE57475,ILMN_1687359,MRPS23,"Homo sapiens mitochondrial ribosomal protein S23 (MRPS23), nuclear gene encoding mitochondrial protein, mRNA.",51649,,1,geo_platform,-0.0419923334149989,0.0419923334149989
GSE57475,ILMN_1749834,LOC388588,"PREDICTED: Homo sapiens hypothetical LOC388588, transcript variant 2 (LOC388588), mRNA.",388588,,1,geo_platform,0.0416534240088208,0.0416534240088208
GSE57475,ILMN_1806304,ENTPD4,"Homo sapiens ectonucleoside triphosphate diphosphohydrolase 4 (ENTPD4), mRNA.",9583,,1,geo_platform,0.0416325133739002,0.0416325133739002
GSE57475,ILMN_1670542,AK2,"Homo sapiens adenylate kinase 2 (AK2), transcript variant AK2A, mRNA.",204,,1,geo_platform,-0.0414511860355954,0.0414511860355954
GSE57475,ILMN_1681888,PRKAR2A,"Homo sapiens protein kinase, cAMP-dependent, regulatory, type II, alpha (PRKAR2A), mRNA.",5576,,1,geo_platform,0.0412127149896175,0.0412127149896175
GSE57475,ILMN_1723494,SIRT2,"Homo sapiens sirtuin (silent mating type information regulation 2 homolog) 2 (S. cerevisiae) (SIRT2), transcript variant 1, mRNA.",22933,,1,geo_platform,-0.0404636243256704,0.0404636243256704
GSE57475,ILMN_1702229,CECR6,"Homo sapiens cat eye syndrome chromosome region, candidate 6 (CECR6), mRNA.",27439,,1,geo_platform,0.0393800747706067,0.0393800747706067
GSE57475,ILMN_1706410,HUS1B,"Homo sapiens HUS1 checkpoint homolog b (S. pombe) (HUS1B), mRNA.",135458,,1,geo_platform,-0.0390583929356954,0.0390583929356954
GSE57475,ILMN_2153485,NMNAT3,"Homo sapiens nicotinamide nucleotide adenylyltransferase 3 (NMNAT3), mRNA.",349565,,1,geo_platform,-0.0387623064163649,0.0387623064163649
GSE57475,ILMN_1779751,C7orf55,"Homo sapiens chromosome 7 open reading frame 55 (C7orf55), mRNA.",154791,,1,geo_platform,0.0386474567525205,0.0386474567525205
GSE57475,ILMN_1727642,GCS1,"Homo sapiens glucosidase I (GCS1), mRNA.",7841,,1,geo_platform,-0.0384133963407009,0.0384133963407009
GSE57475,ILMN_1765500,NDUFV3,"Homo sapiens NADH dehydrogenase (ubiquinone) flavoprotein 3, 10kDa (NDUFV3), nuclear gene encoding mitochondrial protein, transcript variant 1, mRNA.",4731,,1,geo_platform,-0.0383158338184238,0.0383158338184238
GSE57475,ILMN_1791149,ARL6IP4,"Homo sapiens ADP-ribosylation-like factor 6 interacting protein 4 (ARL6IP4), transcript variant 1, mRNA.",51329,,1,geo_platform,-0.0382228218029505,0.0382228218029505
GSE57475,ILMN_1807613,GPR34,"Homo sapiens G protein-coupled receptor 34 (GPR34), transcript variant 2, mRNA.",2857,,1,geo_platform,0.0375210030976644,0.0375210030976644
GSE57475,ILMN_1752914,CDGAP,"Homo sapiens Cdc42 GTPase-activating protein (CDGAP), mRNA.",57514,,1,geo_platform,-0.0362987230198488,0.0362987230198488
GSE57475,ILMN_1792323,HDC,"Homo sapiens histidine decarboxylase (HDC), mRNA.",3067,,1,geo_platform,0.0359717067927341,0.0359717067927341
GSE57475,ILMN_1905013,,,,,0,,-0.0359567184165274,0.0359567184165274
