dataset,probe_id,gene_symbols
GSE99039,1563845_at,FAM153A|FAM153B
GSE99039,211430_s_at,IGHG1|IGHG2|IGHM|IGHV4-31|MIR8071-1|MIR8071-2
GSE99039,211650_x_at,IGH|IGHA1|IGHD|IGHG1|IGHG3|IGHM|IGHV3-23|IGHV4-31
GSE6613,211751_at,LOC653513|PDE4DIP|PDE4DIPP2
GSE72267,208098_at,OR12D3|OR5V1
GSE18838,3937967,FAM230A|FAM230B|FAM230C|FAM230D|FAM230G|FAM230J
GSE18838,3584443,SNORD116-15|SNORD116-16|SNORD116-17|SNORD116-2|SNORD116-3|SNORD116-5|SNORD116-6|SNORD116-7|SNORD116-8|SNORD116-9
GSE18838,3971329,MBTPS2|YY2
GSE18838,3479519,CHFR|ZNF605|ZNF891
GSE18838,3923537,GATD3|LOC102724023
