dataset,probe_id,Coefficient,Importance,gene_symbol,gene_name,entrezgene,ensembl_gene,n_gene_hits,source
GSE6613,209950_s_at,-0.0774131068544269,0.0774131068544269,VILL,villin like,50853,ENSG00000136059,1,mygene
GSE6613,206639_x_at,-0.0773095546374152,0.0773095546374152,HTN1,histatin 1,3346,ENSG00000126550|ENSG00000283046,1,mygene
GSE6613,207983_s_at,-0.0750691625470236,0.0750691625470236,STAG2,STAG2 cohesin complex component,10735,ENSG00000101972,1,mygene
GSE6613,207123_s_at,-0.0743297049741487,0.0743297049741487,MATN4,matrilin 4,8785,ENSG00000124159,1,mygene
GSE6613,219291_at,-0.0736755247936071,0.0736755247936071,DTWD1,DTW motif tRNA-uridine aminocarboxypropyltransferase 1,56986,ENSG00000104047,1,mygene
GSE6613,205048_s_at,-0.0728832745732093,0.0728832745732093,PSPH,phosphoserine phosphatase,5723,ENSG00000146733,1,mygene
GSE6613,201711_x_at,-0.0712814561128252,0.0712814561128252,RANBP2,RAN binding protein 2,5903,ENSG00000153201,1,mygene
GSE6613,220645_at,-0.0707815506946473,0.0707815506946473,NXPE4,neurexophilin and PC-esterase domain family member 4,54827,ENSG00000137634,1,mygene
GSE6613,205437_at,0.0689316793882174,0.0689316793882174,ZNF211,zinc finger protein 211,10520,ENSG00000121417,1,mygene
GSE6613,215375_x_at,0.0682564860946224,0.0682564860946224,LRRFIP1,LRR binding FLII interacting protein 1,9208,ENSG00000124831,1,mygene
GSE6613,217653_x_at,0.0682366650311546,0.0682366650311546,,,,,0,
GSE6613,200679_x_at,-0.0669049007868966,0.0669049007868966,HMGB1,high mobility group box 1,3146,ENSG00000189403,1,mygene
GSE6613,208213_s_at,-0.0665671163595858,0.0665671163595858,KCNAB1,potassium voltage-gated channel subfamily A regulatory beta subunit 1,7881,ENSG00000169282,1,mygene
GSE6613,217115_at,0.0656606077751316,0.0656606077751316,MKRN7P,"makorin ring finger protein 7, pseudogene",7686,ENSG00000225849,1,mygene
GSE6613,201326_at,-0.0651562449223263,0.0651562449223263,CCT6A,chaperonin containing TCP1 subunit 6A,908,ENSG00000146731,1,mygene
GSE6613,203957_at,-0.0641423978718826,0.0641423978718826,E2F6,E2F transcription factor 6,1876,ENSG00000169016,1,mygene
GSE6613,213750_at,0.0624874697060752,0.0624874697060752,RSL1D1,ribosomal L1 domain containing 1,26156,ENSG00000171490,1,mygene
GSE6613,212885_at,-0.0616558048784122,0.0616558048784122,MPHOSPH10,M-phase phosphoprotein 10,10199,ENSG00000124383,1,mygene
GSE6613,218968_s_at,0.0611839170575224,0.0611839170575224,ZFP64,ZFP64 zinc finger protein,55734,ENSG00000020256,1,mygene
GSE6613,210964_s_at,-0.0605467146055241,0.0605467146055241,GYG2,glycogenin 2,8908,ENSG00000056998,1,mygene
GSE6613,201101_s_at,-0.0558896420486886,0.0558896420486886,BCLAF1,BCL2 associated transcription factor 1,9774,ENSG00000029363,1,mygene
GSE6613,201029_s_at,0.0555067435157578,0.0555067435157578,CD99,CD99 molecule (Xg blood group),4267,ENSG00000002586|ENSG00000292348,1,mygene
GSE6613,211751_at,-0.0552133467090831,0.0552133467090831,LOC653513,phosphodiesterase 4D interacting protein-like,653513,ENSG00000291233,3,mygene
GSE6613,207183_at,-0.0546361771230968,0.0546361771230968,GPR19,G protein-coupled receptor 19,2842,ENSG00000183150,1,mygene
GSE6613,203674_at,0.0540994003932845,0.0540994003932845,HELZ,helicase with zinc finger,9931,ENSG00000198265,1,mygene
GSE6613,208113_x_at,0.0540220586381236,0.0540220586381236,PABPC3,poly(A) binding protein cytoplasmic 3,5042,ENSG00000151846,1,mygene
GSE6613,202778_s_at,-0.0539418922581665,0.0539418922581665,ZMYM2,zinc finger MYM-type containing 2,7750,ENSG00000121741,1,mygene
GSE6613,215472_at,-0.05297473184494,0.05297473184494,PACRG,parkin coregulated,135138,ENSG00000112530,1,mygene
GSE6613,218131_s_at,0.0527818399475669,0.0527818399475669,GATAD2A,GATA zinc finger domain containing 2A,54815,ENSG00000167491,1,mygene
GSE6613,203243_s_at,0.05189549297925,0.05189549297925,PDLIM5,PDZ and LIM domain 5,10611,ENSG00000163110,1,mygene
GSE6613,216547_at,0.0515767067318344,0.0515767067318344,,,,,0,
GSE6613,201947_s_at,-0.0512893552098735,0.0512893552098735,CCT2,chaperonin containing TCP1 subunit 2,10576,ENSG00000166226,1,mygene
