stringId_A	stringId_B	preferredName_A	preferredName_B	ncbiTaxonId	score	nscore	fscore	pscore	ascore	escore	dscore	tscore
9606.ENSP00000009530	9606.ENSP00000499935	CD74	AK2	9606	0.47	0.058	0	0	0.4	0	0	0.138
9606.ENSP00000009530	9606.ENSP00000460871	CD74	RSL1D1	9606	0.771	0	0	0	0.067	0.765	0	0
9606.ENSP00000009530	9606.ENSP00000244230	CD74	MPHOSPH10	9606	0.829	0	0	0	0	0.829	0	0
9606.ENSP00000009530	9606.ENSP00000296102	CD74	MRPL33	9606	0.967	0.079	0	0	0.79	0.786	0	0.303
9606.ENSP00000202017	9606.ENSP00000299300	PDRG1	CCT2	9606	0.55	0	0	0	0.063	0	0.54	0
9606.ENSP00000202017	9606.ENSP00000275603	PDRG1	CCT6A	9606	0.55	0	0	0	0.06	0	0.54	0.044
9606.ENSP00000218089	9606.ENSP00000299300	STAG2	CCT2	9606	0.403	0	0	0	0.056	0	0	0.394
9606.ENSP00000218089	9606.ENSP00000479904	STAG2	ZMYM2	9606	0.416	0	0	0	0.113	0.292	0	0.144
9606.ENSP00000218089	9606.ENSP00000320485	STAG2	ARID1A	9606	0.556	0	0	0	0.141	0	0	0.505
9606.ENSP00000244230	9606.ENSP00000251250	MPHOSPH10	DTWD1	9606	0.489	0	0	0	0.068	0	0	0.474
9606.ENSP00000244230	9606.ENSP00000460871	MPHOSPH10	RSL1D1	9606	0.989	0	0	0	0.796	0.884	0.54	0.149
9606.ENSP00000249396	9606.ENSP00000495112	SIRT2	NMNAT3	9606	0.434	0.042	0	0	0	0	0	0.434
9606.ENSP00000262498	9606.ENSP00000337946	CFAP20	PACRG	9606	0.915	0	0	0	0.048	0.888	0	0.266
9606.ENSP00000267845	9606.ENSP00000416606	HDC	FSHB	9606	0.446	0	0	0	0.074	0	0	0.427
9606.ENSP00000275603	9606.ENSP00000299300	CCT6A	CCT2	9606	0.999	0	0	0	0.959	0.992	0.9	0.949
9606.ENSP00000283195	9606.ENSP00000357307	RANBP2	SYT11	9606	0.408	0	0	0	0	0.041	0	0.408
9606.ENSP00000283195	9606.ENSP00000435210	RANBP2	BCLAF1	9606	0.409	0	0	0	0.35	0.068	0	0.103
9606.ENSP00000283195	9606.ENSP00000392066	RANBP2	DIP2A	9606	0.578	0	0	0	0.062	0.411	0	0.298
9606.ENSP00000296102	9606.ENSP00000337946	MRPL33	PACRG	9606	0.429	0	0	0	0	0.429	0	0
9606.ENSP00000296102	9606.ENSP00000320184	MRPL33	MRPS23	9606	0.899	0	0	0	0.21	0.829	0	0.311
9606.ENSP00000296504	9606.ENSP00000384899	SAP30	GATAD2A	9606	0.671	0	0	0	0.067	0.195	0.5	0.229
9606.ENSP00000296504	9606.ENSP00000297109	SAP30	SAP30L	9606	0.976	0	0	0.058	0.117	0.607	0.9	0.394
9606.ENSP00000297109	9606.ENSP00000384899	SAP30L	GATAD2A	9606	0.514	0	0	0	0.06	0	0.5	0.05
9606.ENSP00000297142	9606.ENSP00000414303	NEUROD6	BDNF	9606	0.442	0	0	0	0.042	0	0	0.441
9606.ENSP00000297142	9606.ENSP00000401112	NEUROD6	SATB2	9606	0.722	0	0	0	0.074	0	0	0.711
9606.ENSP00000299300	9606.ENSP00000435210	CCT2	BCLAF1	9606	0.472	0	0	0	0.174	0.062	0	0.373
9606.ENSP00000312649	9606.ENSP00000435210	PPARGC1B	BCLAF1	9606	0.54	0	0	0	0	0	0.54	0
9606.ENSP00000320485	9606.ENSP00000376269	ARID1A	NCOA7	9606	0.414	0	0	0	0.054	0	0	0.406
9606.ENSP00000320485	9606.ENSP00000384899	ARID1A	GATAD2A	9606	0.474	0	0	0	0.176	0	0	0.388
9606.ENSP00000337946	9606.ENSP00000357307	PACRG	SYT11	9606	0.45	0	0	0	0.062	0	0	0.438
9606.ENSP00000345347	9606.ENSP00000414303	HMGB1	BDNF	9606	0.423	0	0	0	0	0	0	0.423
9606.ENSP00000345347	9606.ENSP00000381185	HMGB1	BCL2	9606	0.602	0	0	0	0.086	0.095	0	0.558
9606.ENSP00000359337	9606.ENSP00000497594	GABRA3	UBE3A	9606	0.434	0	0	0	0	0	0	0.434
9606.ENSP00000366093	9606.ENSP00000401112	RORB	SATB2	9606	0.551	0	0	0	0.056	0	0	0.544
9606.ENSP00000366265	9606.ENSP00000370588	ZNF41	CD99	9606	0.426	0	0	0	0	0	0	0.427
9606.ENSP00000370588	9606.ENSP00000381185	CD99	BCL2	9606	0.724	0	0	0	0.055	0	0	0.72
9606.ENSP00000370588	9606.ENSP00000480132	CD99	NCAM1	9606	0.729	0	0	0	0.047	0	0	0.728
9606.ENSP00000375857	9606.ENSP00000479904	LRRFIP1	ZMYM2	9606	0.566	0	0	0	0.056	0	0.4	0.295
9606.ENSP00000381185	9606.ENSP00000401907	BCL2	BMPR1B	9606	0.498	0	0	0	0.081	0	0	0.475
9606.ENSP00000381185	9606.ENSP00000480132	BCL2	NCAM1	9606	0.607	0	0	0	0	0.125	0	0.57
9606.ENSP00000381185	9606.ENSP00000414303	BCL2	BDNF	9606	0.793	0	0	0	0	0	0	0.793
9606.ENSP00000381185	9606.ENSP00000435210	BCL2	BCLAF1	9606	0.945	0	0	0	0.048	0.292	0	0.925
9606.ENSP00000401112	9606.ENSP00000479904	SATB2	ZMYM2	9606	0.486	0	0	0	0.043	0.061	0	0.474
9606.ENSP00000414303	9606.ENSP00000480132	BDNF	NCAM1	9606	0.767	0	0	0	0.044	0	0	0.766
